{
  "cfg_train_loss": [
    8.914245510101319,
    4.7166399478912355,
    4.88589563369751,
    4.96006817817688,
    4.028636455535889,
    4.089090871810913,
    3.9638790130615233,
    3.5165547370910644,
    4.248008871078492,
    3.6210651874542235,
    3.0357687950134276,
    3.9543951511383058,
    2.997689437866211,
    2.8965925693511965,
    2.745836591720581,
    3.15391149520874,
    3.639566516876221,
    3.206812047958374,
    3.1612372159957887,
    4.3309070587158205,
    3.712083673477173,
    3.8831925868988035,
    4.155035495758057,
    6.650286483764648,
    3.602399492263794,
    2.789709973335266,
    4.541920185089111,
    3.1058571338653564,
    2.7579796075820924,
    3.019037365913391,
    3.360984754562378,
    2.903755950927734,
    3.9386735439300535,
    4.242611885070801,
    4.3755851745605465,
    3.3717971801757813,
    2.609976553916931,
    2.9298777341842652,
    2.3631156206130983,
    2.575405478477478,
    2.6019981622695925
  ],
  "cfg_val_loss": [
    6.179497718811035,
    8.081119537353516,
    8.502961158752441,
    8.86616039276123,
    6.976027965545654,
    7.906581878662109,
    8.628181457519531,
    12.088475227355957,
    12.841897964477539,
    11.148476600646973,
    9.03143310546875,
    11.348226547241211,
    6.759964466094971,
    4.365426063537598,
    4.019841194152832,
    4.1462907791137695,
    3.1240885257720947,
    2.705195426940918,
    4.468512535095215,
    3.6776933670043945,
    3.7909460067749023,
    3.981494426727295,
    3.039881706237793,
    2.9512534141540527,
    3.914759635925293,
    2.1909706592559814,
    2.6052358150482178,
    2.3328187465667725,
    4.187629699707031,
    3.045698881149292,
    2.765345335006714,
    3.7061407566070557,
    2.9954192638397217,
    3.106353998184204,
    2.8633553981781006,
    2.7349493503570557,
    2.6560134887695312,
    2.488067626953125,
    2.371900796890259,
    2.190363645553589,
    2.484227418899536
  ],
  "fcg_train_loss": [
    1.3862943649291992,
    1.3862943649291992,
    1.3862943649291992,
    1.3862943649291992,
    1.3862943649291992,
    1.3862943649291992,
    1.3862943649291992,
    1.3862943649291992,
    1.3862943649291992,
    1.3862943649291992,
    1.3862943649291992,
    1.3862943649291992,
    1.3862943649291992,
    1.3862943649291992,
    1.3862943649291992,
    1.3862943649291992
  ],
  "fcg_val_loss": [
    1.3862943649291992,
    1.3862943649291992,
    1.3862943649291992,
    1.3862943649291992,
    1.3862943649291992,
    1.3862943649291992,
    1.3862943649291992,
    1.3862943649291992,
    1.3862943649291992,
    1.3862943649291992,
    1.3862943649291992,
    1.3862943649291992,
    1.3862943649291992,
    1.3862943649291992,
    1.3862943649291992,
    1.3862943649291992
  ]
}