{
  "logistic_regression": {
    "train": {
      "accuracy": 0.9966666666666667,
      "precision": 1.0,
      "recall": 0.9866888519134775,
      "f1": 0.9932998324958124,
      "auc": 0.9996420640418646
    },
    "val": {
      "accuracy": 0.99625,
      "precision": 1.0,
      "recall": 0.985,
      "f1": 0.9924433249370277,
      "auc": 0.9942583333333334
    },
    "test": {
      "accuracy": 0.9937578027465668,
      "precision": 1.0,
      "recall": 0.975,
      "f1": 0.9873417721518988,
      "auc": 0.9924376039933444
    }
  },
  "svm": {
    "train": {
      "accuracy": 0.9958333333333333,
      "precision": 1.0,
      "recall": 0.9833610648918469,
      "f1": 0.9916107382550335,
      "auc": 0.9965898969569894
    },
    "val": {
      "accuracy": 0.995,
      "precision": 1.0,
      "recall": 0.98,
      "f1": 0.98989898989899,
      "auc": 0.9946499999999999
    },
    "test": {
      "accuracy": 0.9937578027465668,
      "precision": 1.0,
      "recall": 0.975,
      "f1": 0.9873417721518988,
      "auc": 0.9926871880199666
    }
  },
  "random_forest": {
    "train": {
      "accuracy": 0.9991666666666666,
      "precision": 1.0,
      "recall": 0.9966722129783694,
      "f1": 0.9983333333333333,
      "auc": 1.0
    },
    "val": {
      "accuracy": 0.9875,
      "precision": 1.0,
      "recall": 0.95,
      "f1": 0.9743589743589743,
      "auc": 0.9923833333333333
    },
    "test": {
      "accuracy": 0.9875156054931336,
      "precision": 1.0,
      "recall": 0.95,
      "f1": 0.9743589743589743,
      "auc": 0.9852121464226289
    }
  },
  "xgboost": {
    "train": {
      "accuracy": 1.0,
      "precision": 1.0,
      "recall": 1.0,
      "f1": 1.0,
      "auc": 1.0
    },
    "val": {
      "accuracy": 0.98625,
      "precision": 1.0,
      "recall": 0.945,
      "f1": 0.9717223650385605,
      "auc": 0.9845916666666666
    },
    "test": {
      "accuracy": 0.9837702871410736,
      "precision": 1.0,
      "recall": 0.935,
      "f1": 0.9664082687338501,
      "auc": 0.9823128119800332
    }
  },
  "lightgbm": {
    "train": {
      "accuracy": 1.0,
      "precision": 1.0,
      "recall": 1.0,
      "f1": 1.0,
      "auc": 1.0
    },
    "val": {
      "accuracy": 0.9875,
      "precision": 1.0,
      "recall": 0.95,
      "f1": 0.9743589743589743,
      "auc": 0.995
    },
    "test": {
      "accuracy": 0.9875156054931336,
      "precision": 1.0,
      "recall": 0.95,
      "f1": 0.9743589743589743,
      "auc": 0.99022462562396
    }
  }
}